date,platform,arch,renderer,startup_ms,cat100mb_ms,cat_longtask_ms,key_p50_ms,key_p95_ms,ram_10tabs_mb
2026-09-28T11:14:32.339Z,linux,x64,dom,945,7776,0,17.2,20.7,804.1
2026-09-28T11:15:54.584Z,linux,x64,dom,973,7888,36.7,16.1,20.9,494.7
2026-09-28T11:16:33.989Z,linux,x64,dom,946,8027,63.5,16.6,19.7,494.7
2026-09-28T11:16:55.887Z,linux,x64,dom,925,5507,72.1,17.3,19.6,513.5
2026-09-28T11:17:20.198Z,linux,x64,dom,933,6474,40.7,19.1,36,512.4
2026-09-28T11:17:43.109Z,linux,x64,dom,964,5239,68.8,19.4,35.1,506.5
2026-09-28T11:19:40.125Z,linux,x64,dom,963,5600,52,17,19.7,518.2
2026-09-28T13:15:39.979Z,linux,x64,dom,805,6042,46.3,16.8,27.9,512.8
2026-09-28T13:16:10.047Z,linux,x64,dom,772,6614,76.1,18.1,29.2,535.4
2026-09-28T13:16:31.078Z,linux,x64,dom,787,7458,124,17.5,21.2,525.1
2026-09-28T14:50:14.304Z,linux,x64,dom,1053,10650,86.2,16.6,32,476.2
2026-09-28T14:50:42.090Z,linux,x64,dom,1003,5501,51.2,17.4,19.2,469.9
2026-09-28T14:51:01.225Z,linux,x64,dom,1123,5280,61.7,15.4,29.3,472.6
2026-09-29T01:08:04.227Z,linux,x64,dom,832,4817,40.2,17.7,19.1,476.4
2026-09-29T10:30:50.714Z,linux,x64,dom,1002,6358,51.9,17.8,18.7,482.5
2026-09-29T10:00:18.102Z,win32,x64,webgl,1244,42963,6.7,31.7,34.5,1391.4
2026-09-29T10:28:11.066Z,win32,x64,webgl,1178,43453,19.7,31.6,34.3,1006.8
2026-09-29T10:30:27.274Z,win32,x64,webgl,1248,49092,43.5,31.8,34.8,961.6
2026-09-29T10:36:47.444Z,win32,x64,webgl,1126,53892,12,31.8,34.7,898.5
